Date,Tweet_id,Verified,Tweet,User,Location,Source,Likes,Followers,Following,Retweets
2020-11-21 20:01:36,1330239963737231366,False,"@manickamtagore Congress Calling Trinamool Congress Is B Team Of BJP And Even Left Which Was Your Alliance Partner Now In Bengal

Just See The Date Sir

BJP Didn't Not Get Deposits In 2011ü§£ü§£

But Ur Leaders Called B Team Of BJP https://t.co/Xz2TkY9aAo",KumarReddy272,India,Twitter for Android,1,20,132,0
2020-11-21 19:03:30,1330225341340798983,True,"On Saturday BJP‚Äôs State President Dilip Ghosh in a Press Conference said not only central leaders &amp; new leaders sent by BJP in Bengal are outsider but also Trinamool has had many outsiders ,he named Ex-MP K.D. Singh &amp; Ahamed Hassan(Imran).I have sent a PRESS Release to the Media- https://t.co/bNkv0cCmcr",AhamedHassanMP,"Kolkata, India",Twitter for iPhone,53,770,138,12
2020-11-21 18:24:42,1330215578234216449,False,"At least five Trinamool Congress MPs in West Bengal including Saugata Roy and Suvendu Adhikari may resign from Mamata Banerjee led Trinamool Congress party any moment, Bharatiya Janata Party MP Arjun Singh said today.",DeshGujarat,"Gujarat, India",TweetDeck,50,437703,191,6
2020-11-21 18:08:53,1330211595717373952,False,The TMC and the BJP are the culprits for the dirty politics of West Bengal at the moment. I posted the following for Trinamool and BJP. It is not my goal to hurt anyone's religious sentiments.The person who wrote this article is certainly to be commended. https://t.co/W24DXhr3RO,DrDIPANKARROY3,,Twitter for Android,0,19,178,0
2020-11-21 16:05:51,1330180633054867459,False,"Janata Janardan is everything in a democracy.  Mamta Didi's real face has been revealed to the public of West Bengal.  The public is troubled by the Trinamool government.  The winds are now blowing towards the BJP.
#‡§ï‡§Æ‡§≤_‡§ñ‡§ø‡§≤‡•á‡§ó‡§æ_‡§¨‡§Ç‡§ó‡§æ‡§≤_‡§Æ‡•á‡§Ç
#‡§ï‡§Æ‡§≤_‡§ñ‡§ø‡§≤‡•á‡§ó‡§æ_‡§¨‡§Ç‡§ó‡§æ‡§≤_‡§Æ‡•á‡§Ç https://t.co/7BjOHWNGJY",aprichitrahul,Bundelkhand Uttar Pradesh ,Twitter for Android,3,3364,3113,0
2020-11-21 16:02:57,1330179903736700932,False,"Trinamool : BJP bringing Outsiders to Bengal.              Trinamool campaign run by PK  who is not from Bengal, Bengal bureaucracy 19 out of 25 are not from Bengal , 70 % of Khaki officers are not from Bengal.",Satyanewshi,"Hobart , üá¶üá∫",Twitter Web App,1216,14204,260,300
2020-11-21 15:58:20,1330178743852265480,False,"Janata Janardan is everything in a democracy.  Mamta Didi's real face has been revealed to the public of West Bengal.  The public is troubled by the Trinamool government.  The winds are now blowing towards the BJP.
#‡§ï‡§Æ‡§≤_‡§ñ‡§ø‡§≤‡•á‡§ó‡§æ_‡§¨‡§Ç‡§ó‡§æ‡§≤_‡§Æ‡•á‡§Ç https://t.co/PhK3ljxCKI",Raj20444072,‡§ï‡§æ‡§∂‡•Ä ,Twitter for Android,20,883,1465,10
2020-11-21 13:05:43,1330135302065754124,False,"@chandrachurg Truth is while Netaji was a Bengali , no political leader from Bengal whether Congress or Communists ever tried to promote Netaji as the ideological fountainhead but instead revered every opposer of Netaji . Now Trinamool is showing some courage but it needs to become ideological",sid_deshmuk,,Twitter for Android,0,49,128,0
2020-11-21 12:39:28,1330128696808714241,False,@Pmo @narendramodi we want Sonar Bangla. Literally frustrated with these 32 years left front &amp; 9 Years Trinamool Government in West Bengal. People want immediate change. We belive BJP can only make the change in true sense. @AmitShah @jdhankhar1 @MamataOfficial @itspcofficial,Bhaskar88804426,Omnipresent,Twitter Web App,1,20,23,0
2020-11-21 11:21:49,1330109155009507331,True,"Imitation is the best form of flattery.üòä

Trinamool‚Äôs new series of fact-filled Press Conferences getting major traction all this while. Issues range from good governance, development to understanding Bengal. So ‚Äòthey‚Äô too started a 3pm presser from Fri. Good. Imitation is...üòä https://t.co/re9EPKz1IK",derekobrienmp,"Kolkata, India",Twitter Media Studio,287,1228472,682,73
2020-11-21 08:21:26,1330063759646330880,True,"Amid speculation has claimed that Trinamool Congress‚Äôs Saugata Roy is likely to resign from the party with four other MPs
https://t.co/WGtp0S4mW8",IndiaToday,India,Twitter Web App,35,5419931,245,8
2020-11-21 06:14:58,1330031932021813250,True,"The #TrinamoolCongress on Friday alleged that ‚Äúoutsiders are running riot in West Bengal‚Äù as the BJP has brought in several leaders from other States and assigned responsibilities to various zones in the State. 
https://t.co/jwFFbQ7Vc5",THKolkata,Kolkata,TweetDeck,1,7676,68,0
2020-11-21 05:16:20,1330017179396235264,False,"@karthikck31 @Forestz_1 @TheHariprasad @Abhina_Prakash Similar in West Bengal ü§†
Before 2011 the most of the Right voted for Trinamool or Congress to throw out left from the government.",RealManasBose,Bharat,Twitter for Android,0,141,247,0
2020-11-21 05:07:11,1330014874999476227,False,"@sonaliranade He is very correct , Trinamool is creating ground for bjp, Bengal is not up , on the ground situation is different.",frank_donk,earth,Twitter for Android,0,1689,334,0
2020-11-21 04:50:28,1330010669320609797,False,"Minister Babul Supriyo warned that the Trinamool Congress should mend its way &amp; desist from ""intimidating voters"", otherwise there are provisions in the Constitution to take care of such things.

He alleged that more than 130 BJP workers have been killed in West Bengal.",vijaythakurx,GREATER NOIDA,Twitter Web App,0,497,667,0
2020-11-21 03:32:25,1329991026933723136,False,"To defeat BJP, it is necessary to defeat Trinamool: Yechury  https://t.co/BSR30lFrPF 

There goes opposition unity in West Bengal.",sonaliranade,Seattle,Twitter Web App,87,73716,1143,15
2020-11-21 03:22:30,1329988531410747392,False,"@derekobrienmp Trinamool &amp; Good governance! My foot. Political murders, corruption law &amp; order less state. U have destroyed Bengal",KaalaChaashma,,Twitter for Android,0,181,1245,0
2020-11-21 03:15:31,1329986774857289730,True,"Mon-Sat  a 30min press conference daily 3pm from Trinamool Bhavan‚Äôs new Media Centre. Good governance has been theme all week:women, health, understanding Bengal‚Äôs ethos, peace &amp; development. All this while ‚Äòthey‚Äô spew hate, divisiveness, Fake News &amp; fake narratives pre election",derekobrienmp,"Kolkata, India",Twitter for iPhone,140,1228472,682,27
2020-11-21 02:59:59,1329982864297902082,False,"@Bharatwashi3 @nusratchirps @amitmalviya @narendramodi @DrAmitMitra @Trinamool Let #actofGod. Minister @nsitharaman confirm how much she allocated funds to West Bengal
How much actually disbursement done??",DebkanchanMit,,Twitter for Android,1,248,748,0
2020-11-21 00:51:00,1329950405040562176,False,Manta ‚Äòoutsider‚Äô jib will help BJP raise issue of illegal Bangladeshi infiltrators in W Bengal https://t.co/r5gGdzw1pN,rvinpandya,Bhopal (India),Twitter for iPhone,0,104,223,0
2020-11-20 23:11:36,1329925389033099267,False,@the_hindu @SitaramYechury is talking about 2026 Bengal election. He knows BJP is winning in 2021. He will first defeat Trinamool in 2021 so that he can defeat BJP in 2026!,gpr90662b,Third Rock From Sun,Twitter Web App,1,28,308,0
2020-11-20 19:27:57,1329869105621438464,False,"@the_hindu Only foolish can think about encouraging BJP to eradicate Trinamool in a hope that they can come back to power...Bengal may want change and they will take CPIM any day over BJP,  but it's their stupidity that they wont be able to comeback..",pralay03,India,Twitter for Android,0,13,128,0
2020-11-20 18:50:44,1329859739996483584,False,Why I want freedom from TMC https://t.co/JAwoqdlEle via @dailyo_,suchithkc,India,Twitter Web App,0,622,324,0
2020-11-20 18:49:45,1329859494835154944,False,"The call of #26NovGeneralStrike is given against Modi Govt's war against Workers-Farmers-Commoners.But in West Bengal,Trinamool Congress's TU wing INTTUC starts propaganda against the Strike!At Sarisha,TMC goons attacked a Public Meeting in support of the Strike.@Dipankar_cpiml https://t.co/G2JOVD0qGb",SUNDARmyth,KOLKATA,Twitter Web App,1,12775,1597,2
2020-11-20 18:38:30,1329856662824386560,False,"Minutes of today‚Äôs press conference by Prof. Bratya Basu (Minister-in-Charge, Department of Science &amp; Technology &amp; Biotechnology, Government of West Bengal and Spokesperson of All India Trinamool Congress) on behalf of All India Trinamool Congress at Trinamool Bhavan:",abhijitdas20ad, Kolkata,Twitter for Android,3,124,550,1
2020-11-20 18:24:58,1329853256542027777,False,How Bengal 2021 will be the ultimate political battle of Mamata versus Modi https://t.co/3PV9Y6eZ6F via @dailyo_,suchithkc,India,Twitter Web App,0,622,324,0
2020-11-20 16:47:08,1329828635356794880,False,"Women form 48 per cent of the electorate in West Bengal, making them one of the most bankable vote banks.

The ruling Trinamool Congress had fielded 41 per cent women candidates in 2019‚Äôs Lok Sabha election and 45 women candidates in the 2016 assembly election.",Ash_Rokzz23,London,Twitter for Android,9,4260,1078,2
2020-11-20 15:20:00,1329806707581743111,True,"""A party heavyweight, while tensions simmered between #SuvenduAdhikari and #Mamata's nephew #AbhishekBanerjee since 2015, #Abhishek's increasing clout in recent times has been the final nail in the coffin,"" writes @Ishadrita.
https://t.co/NMwbmz8rCr",TheQuint,,Twitter Web App,6,598160,309,1
2020-11-20 14:57:38,1329801078158704640,False,"https://t.co/bGEmNG0DCR via @dailyo_ 

@mlamihirgoswami : I joined the TMC in 1998 when Mamata Banerjee formed this new party. I had faith in her; in her leadership. So why do I want freedom from a party that I have been with for more than two decades?

#WestBengal",indiaonthe_move,,Twitter Web App,0,1085,189,0
2020-11-20 13:53:03,1329784828468879361,True,"How #Bengal2021 will be the ultimate political battle of Mamata versus Modi | Aroon Purie

https://t.co/wsaXaXb8ma",DailyO_,"New Delhi, Delhi",Hootsuite Inc.,0,68330,41,0
2020-11-20 13:19:18,1329776334529310720,True,"#LeftRightCentre | @jdhankhar1, Governor of West Bengal, on Trinamool Congress' accusations that he is playing a partisan role

#NDTVExclusive https://t.co/al5rzCOuuB",ndtv,India,Twitter Web App,37,13992481,15,6
2020-11-20 13:16:05,1329775524147675145,True,"#LeftRightCentre | Jagdeep Dhankhar, Governor of West Bengal, on Trinamool Congress' accusations that he is playing a partisan role

#NDTVExclusive https://t.co/5yfvcDCSV9",ndtv,India,Twitter Web App,42,13992481,15,4
2020-11-20 12:47:00,1329768203497533440,True,"The hero of Nandigram, now #TMC's rebel leader, #SuvenduAdhikari says that in all the posts he holds, he's been elected, not selected, attacking #Mamata's nephew #AbhishekBanerjee. Here's a look at his journey in politics. @Ishadrita's report.
https://t.co/NMwbmyQQdR",TheQuint,,Twitter Web App,6,598160,309,0
2020-11-20 11:50:08,1329753892259844097,False,"Kolkata: Union Minister Babul Supriyo mentioned on Friday that the Trinamool Congress ought to mend its method and desist from ""intimidating voters"", in any other case there are provisions within the Constitution to deal with such issues. https://t.co/a7yIXdueqU https://t.co/8I22I60VWb",Worldsnews_biz,,Blog2Social APP,0,1,1,0
2020-11-20 10:21:38,1329731621994459137,False,"I think any alliance without trinamool congress in West Bengal will not fetch any benefit. 
Any subservience to Congress will be suicidal for Left in West Bengal, says CPI(ML) leader Dipankar Bhattacharya  https://t.co/kfB6lV9Juu",akbandyopadhyay,India,Twitter Web App,0,11,9,0
2020-11-20 09:37:48,1329720590404636673,False,"BJP's Babul Supriyo takes jibe at Mamata by starting President's Rule in Bengal...
https://t.co/IR7dVT7Y3n
Supriyo said this while referring to the alleged killing of BJP workers in West Bengal by the ruling Trinamool Congress. Till date, more than 100 BJP workers have been kil‚Ä¶ https://t.co/MCglD3c23E",DeveloperGang,"Chandigarh, India",IFTTT,0,1332,4617,0
2020-11-20 08:10:44,1329698677607129090,True,"Union Minister @SuPriyoBabul Said on Friday that the Trinamool Congress should mend its way and desist from ""intimidating voters"", otherwise there are provisions in the Constitution to take care of such things. #TMC #WestBengal 
https://t.co/ZWr9lGpfVo",TheDailyPioneer,,Twitter Web App,0,24759,102,0
2020-11-20 07:08:13,1329682948526784513,False,Why I want freedom from TMC https://t.co/GuP06sLudK via @dailyo_,simple_lifeme,"Uttar Pradesh, India",Twitter for Android,0,552,1894,0
2020-11-20 06:18:05,1329670329417953281,False,"""The party is now run by three people - @MamataOfficial, @abhishekaitc and @PrashantKishor. Of these three, PK and Abhishek are one team"", said a senior party leader who did not wish to be named.
#Mustread  this @ishadrita piece.

https://t.co/odxw2rq82M",snjogdatta,India,Twitter Web App,0,916,362,0
2020-11-20 06:12:36,1329668951463186432,False,"The Quint: In The Suvendu Story, Picture Abhi Baaki Hai.
https://t.co/OZZewB3vOr

via @GoogleNews",jytmkh,"Darjeeling, India",Twitter for Android,2,1103,3117,0
2020-11-20 06:12:05,1329668821775314945,True,"""Talks are on at top levels of the [TMC] party to dissuade Suvendu [Adhikary] from public displays of dissent. Clearly till the elections come around, picture baaki hai,"" writes @ishadrita. 

https://t.co/gUZTtGHrAN",TheQuint,,Twitter Web App,4,598160,309,0
2020-11-20 03:55:56,1329634558241878016,True,"I have worked for the #TrinamoolCongress for 22 years. Leaving all organisational posts wasn't an easy or overnight decision. | Cooch Behar MLA Mihir Goswami writes.

https://t.co/tCqsM6Rv1M",DailyO_,"New Delhi, Delhi",Hootsuite Inc.,8,68330,41,3
2020-11-20 03:19:15,1329625323667824640,False,"BJP has got additional vigour to face Trinamool in Bengal. | My Op-Ed in The HillTimes.

@BJP4Bengal @AITCofficial 
@BJP4India @MamataOfficial @AmitShah @KailashOnline @amitmalviya @FirhadHakim

#BiharElectionResults
#WestBengal

https://t.co/MgwfvMHCyW",SagarneelSinha,"Tripura, India",Twitter for Android,0,188,914,0
2020-11-20 01:55:52,1329604339883655169,False,"Trinamool Neta ""Jai Shri Ram would not be allowed in West Bengal ,go to Gujarat if you want to chant it ."" https://t.co/rYSurgw8lH",Satyanewshi,"Hobart , üá¶üá∫",Twitter Web App,90,14204,260,51
2020-11-19 20:13:57,1329518295645442048,False,"WEST BENGAL 
25 Mirik families join Hill Trinamool
https://t.co/j8K8LBdejZ
#WestBengal",teoi_news,,Twitter for Android,0,65,0,0
2020-11-19 18:43:49,1329495613382172672,False,"In the run-up to the West #Bengal elections, Trinamool has started a digital campaign called 'Mark Yourself safe from #BJP' &amp; 10 lakh people have joined
#TMC #Politics https://t.co/pRIiAE84Ud",Tuitwe,Kolkata,Twitter Web App,0,2100,2356,0
2020-11-19 18:16:52,1329488829758255105,True,"""I'm Still A Party Member"": Bengal Minister Holds Peace With Trinamool 

@Monideepa62 reports

Read more: https://t.co/P6VMEOUEID

https://t.co/HhrFfoM6Fk",ndtvvideos,,TweetDeck,3,248711,23,1
2020-11-19 16:21:15,1329459733787500544,False,Bengal Minister Holds Peace With¬†Trinamool https://t.co/EuErWp8HYv,News_Headlines_,"New Delhi, India",WordPress.com,0,209,238,0
2020-11-19 16:04:25,1329455497007788033,True,"""I'm Still A Party Member"": Bengal Minister Holds Peace With Trinamool 

@Monideepa62 reports

Read more: https://t.co/dZ9wRdVOB9 https://t.co/c8DK9HtbTb",ndtv,India,Twitter Media Studio - LiveCut,52,13992481,15,1
2020-11-19 15:44:55,1329450590267650057,False,Why I quit TMC after 22 years https://t.co/36dwrY9ryC via @dailyo_,rkmarar9,Ayalur in Palakkad (Kerala),Twitter Web App,0,6555,7183,0
2020-11-19 15:37:16,1329448663870025731,False,"Steps taken by @MamataOfficial-led government in the last 9.5 years to develop the health sector of Bengal. From today's press conference by @Chandrimaaitc at Trinamool Bhavan.

Link - https://t.co/wJg6rjvsZt

#DidiShowsTheWay
#BanglarGorboMamata 

@AITCofficial
@BanglarGorboMB https://t.co/fnxcINhGIu",IAmJha71025080,"West Bengal, India",Twitter for Android,14,972,406,7
2020-11-19 15:36:59,1329448594630438914,True,"After 22 years of working for the #TrinamoolCongress, I have quit all organisational posts. The decision was not easy. | @mlamihirgoswami writes.

https://t.co/tCqsM6Rv1M",DailyO_,"New Delhi, Delhi",Hootsuite Inc.,30,68330,41,7
2020-11-19 15:33:40,1329447761188675587,False,"""I'm Still A Party Member"": Bengal Minister Holds Peace With Trinamool https://t.co/2410xjDww1 via @ndtv",rtushar_ind,Bhubaneswar,Twitter Web App,0,115,87,0
2020-11-19 15:22:26,1329444931337920512,False,"@Khan___Sk FYI 

New Delhi: All India Majlis-e-Ittehadul Muslimeen (AIMIM) president Asaduddin Owaisi has proposed pre-poll pact in West Bengal to Chief Minister Mamata Banerjee saying his party will help Trinamool Congress defeat the BJP in the upcoming state assembly elections.",Azhar8k,Jharkhand   INDIA  ,Twitter Web App,1,3292,3148,0
2020-11-19 15:16:02,1329443324030283779,True,"""I'm Still A Party Member"": Bengal Minister Holds Peace With Trinamool https://t.co/0skYPlDe0l https://t.co/cFCeQw8AqV",ndtvfeed,,NDTVfeed,6,244855,23,0
2020-11-19 15:05:25,1329440650836791309,False,@basu_bratya The State Government should take necessary steps to bring the company Infosys to Salt Lake Sector V. The Trinamool Govt is taking no steps to develop the It industry in Bengal which can fetch jobs for many. Noted IT giants should be allowed special facilities.,ANGSHUCHAUDHUR1,,Twitter Web App,0,4,33,0
2020-11-19 14:55:32,1329438163379625984,True,"""As the assembly election is approaching, the #BJP is seeing the Trinamool Congress' ghost in every single mishap across West Bengal,"" said a district #TMC leader.
@AITCofficial @BJP4Bengal @MamataOfficial @ArjunsinghWB
https://t.co/DcQtwCRvr3",Outlookindia,"New Delhi, India",Twitter Web App,5,227086,58,1
2020-11-19 14:45:57,1329435749444431879,True,"#BattleForBengal ‚Äì If you are talking about organizational might, it is Trinamool only which has the strongest organizational might in Bengal: @touseefakhan (Lawyer) tells @AnchorAnandN on #TheRightStand. https://t.co/jxVSi7oSEW",CNNnews18,India,Twitter Media Studio - LiveCut,14,4545049,415,2
2020-11-19 13:58:24,1329423786400043010,False,"Steps taken by @MamataOfficial-led TMC government in the last 9.5 years to develop the health sector of West Bengal. From today's press conference by @Chandrimaaitc on behalf of @AITCofficial at Trinamool Bhavan.

Link - https://t.co/WmMrNFb28b

@BanglarGorboMB https://t.co/0Ku3SU7SjG",Rony15081947,,Twitter for Android,33,509,71,18
2020-11-19 13:55:12,1329422980800151553,False,West Bengal Assembly Elections  coming soon. Interesting  that who's going to win wheather Trinamool Congress or Bjp. Lets see,srinu11224,Bvrm,Twitter for Android,1,389,464,0
2020-11-19 13:44:35,1329420308294483968,False,"Steps taken by Mamata Banerjee-led TMC government in the last 9.5 years to develop the health sector of West Bengal:

From today's press conference by @Chandrimaaitc on behalf of All India Trinamool Congress

#BanglarGorboMamata https://t.co/YuLvLenqbS",NilanjanDas_,"Serampore, Hooghly",Twitter for Android,17,1412,603,8
2020-11-19 13:21:28,1329414491050749954,False,New post: Trinamool Congress Kicks Off Campaign to ‚ÄòSave Bengal from BJP‚Äô https://t.co/aavWxwvZUL,TheClarionIndia,India,ClarionIndia,0,3536,459,0
2020-11-19 12:45:13,1329405365813874699,False,Today visited MLA &amp; State Vice President (West Bengal Trinamool Congress Committee) Jnb. #Chowdhary_Abdul_Karim sb Chhath Ghats of Islampur area to check arrangements for Chhath Puja. https://t.co/LRGIXoJkVw,AkilAkhter5,"Islampur, West Bengal",Twitter for Android,0,45,686,0
2020-11-19 12:27:15,1329400848418435072,False,"New Delhi: All India Majlis-e-Ittehadul Muslimeen (AIMIM) president Asaduddin Owaisi has proposed pre-poll pact in West Bengal to Chief Minister Mamata Banerjee saying his party will help Trinamool Congress defeat the BJP in the upcoming state assembly elections.
@ProfMA5",Azhar8k,Jharkhand   INDIA  ,Twitter Web App,0,3292,3148,0
2020-11-19 11:36:51,1329388163484192769,False,"AIMIM president Asaduddin Owaisi has proposed pre-poll pact in West Bengal to Chief Minister Mamata Banerjee saying his party will help Trinamool Congress to defeat the BJP in the upcoming state assembly elections.

Now it is your turn to reply this illegal polarisation in WB.",pradipkumarmu12,INDIA,Twitter Web App,3,633,649,0
2020-11-19 11:22:07,1329384454322679808,False,"In Mamata's regime , no one in Bengal can pronounce Jai Shri Ram... 

The Trinamool leader directly threatening to move to Gujarat , if anyone says Jai Shree Ram
#BJP4Kharagpur
@RakeshBoseBJP @BJP4Bengal @BjpMedinipur @ujjwalpareek 
@DilipGhoshBJP @224Kgp https://t.co/yX1rADVqTf",viccky57,"‡§ñ‡§°‡§º‡§ó‡§™‡•Å‡§∞ ‡§∞‡•á‡§≤‡§µ‡•á ‡§∏‡•ç‡§ü‡•á‡§∂‡§® ‡§ï‡•ç‡§∑‡•á‡§§‡•ç‡§∞, ",Twitter for Android,1,57,265,2
2020-11-19 10:35:59,1329372843386146816,False,"Addressing an annual meeting of cooperative societies, Bengal minister Subhendu Adhikari said he would not announce political decisions from apolitical platforms. Also, reiterates that he is still a ‚Äòprimary‚Äô member of Trinamool and a minister in Mamata Banerjee‚Äôs cabinet .",sulagnaseng,"Kolkata, West Bengal",Twitter Web App,0,132,166,0
2020-11-19 10:17:29,1329368187406671885,False,"Addressing an annual meeting of cooperative societies, Bengal minister Subhendu Adhikari said he would not announce political decisions from apolitical platforms. Also, reiterates that he is still a ‚Äòprimary‚Äô member of Trinamool and a minister in Mamata Banerjee‚Äôs cabinet .",madhuparna_N,"Kolkata, India",Twitter for iPhone,30,4980,3926,5
2020-11-19 09:43:28,1329359629244043272,True,BJP office in West Bengal's North 24 Parganas now set ablaze; party alleges Trinamool role https://t.co/mDrg0p7isX,republic,"Mumbai, India",Republicworld,261,2274810,3,46
2020-11-19 09:02:47,1329349392038461440,False,"In Mamata's regime , no one in Bengal can pronounce Jai Shri Ram... 

The Trinamool leader directly threatening to move to Gujarat , if anyone says Jai Shri Ram... 
#SaveBengal https://t.co/dXHrL63fYP",bjpnareshkumar,"Kolkata, New Delhi & Bengaluru",Twitter for Android,1,393,3209,0
2020-11-19 08:27:41,1329340558863519744,False,"WEST BENGAL 

More than twenty families of Mirik's Dhuseni joined Trinamool Congress, expecting to get employment as they are facing problems after the lockdown. 

https://t.co/z3UXGsl0xz

#WestBengal 
#Mirik
#Trinomool
#Employment https://t.co/GnncaRggOI",teoi_news,,Twitter Web App,0,65,0,0
2020-11-19 06:50:07,1329316005428961281,False,"@TheRightBengali @goforcatchingm1 When Mamata Banerjee holds rallies in Assam, Manipur or Arunachal I don't see any Local Trinamool cadres say a Bengali will not run us. This selective hypocrisy by Trinamool Cadres is baffling and damaging to Bengal which for the larger parts isn't as small minded as TMC thinks.",PoliticsMedi,"Kolkata, India",Twitter Web App,0,79,20,0
2020-11-19 06:20:48,1329308624364085248,False,"Do pepple really care if a person changes his/her party? Congress mukht Bharat meant congress leaders across the hindi belt joining bjp and getting elected on the lotus symbol. In Bengal, the same Trinamool faces people had problems with got re-elected after changing! #Bengal https://t.co/4SIfJvnac9",rohansmitra,India,Twitter Web App,13,4135,1861,3
2020-11-19 05:13:19,1329291644873691136,False,"Bengal BJP worker ‚Äòbeaten to death‚Äô during inter-club clash; 

The incident took place during  immersion of idols of Goddess Kali in Tufanganj area of Cooch Behar dist. BJP alleged the Trinamool Congress was behind the incident &amp; called a 12-hour bandh in Tufanganj on Thursday.",vasuvenugo,,Twitter Web App,0,2234,1981,0
2020-11-19 05:04:11,1329289346126467074,True,"West Bengal: Will He Stay Or Go? Suspense Over Trinamool Congress Strongman Suvendu Adhikari

@Monideepa62 reports
https://t.co/JZeWWo0rC0",ndtvvideos,,TweetDeck,5,248711,23,0
2020-11-19 04:46:13,1329284822213173249,False,"‚ÄúWe have come to power on core left issues. In Bengal, Trinamool has out-lefted the Left‚Äù ‚Äï @MahuaMoitra https://t.co/hWbuxfzre2",NilanjanDas_,"Serampore, Hooghly",Twitter for Android,19,1412,603,4
2020-11-19 04:45:52,1329284736259223552,True,"West Bengal: Will He Stay Or Go? Suspense Over Trinamool Congress Strongman Suvendu Adhikari

@Monideepa62 reports https://t.co/LAwmyPNugN",ndtv,India,Twitter Media Studio,50,13992481,15,5
2020-11-19 04:10:12,1329275758058082304,False,üëç on @YouTube: Trouble in Trinamool? | Mamata Banerjee Is Losing Faith In Bengal | Dr. Manish Kumar | Capital TV https://t.co/XyBbSUBufX,singleboot,,IFTTT,0,130,286,0
2020-11-19 03:47:28,1329270036624642051,False,Trouble in Trinamool? | Mamata Banerjee Is Losing Faith In Bengal | Dr. ... https://t.co/XIpvhu9Lws via @YouTube,AMITNEW,NEW DELHI,Twitter Web App,0,480,3148,0
2020-11-18 21:08:25,1329169616464015360,False,"@RichardRossow @CarolineCBaxter BJP doesn't need to win every state Elections. India has more than 50 Major Regional Parties. Regional Parties has powerful stronghold in their respective regions. BJP's next target is to dethrone the ""Trinamool Congress"" in West Bengal in 2021.",mars_monk1,India,Twitter Web App,1,70,179,0
2020-11-18 19:51:09,1329150167669301250,False,Congratulations Bhaiya West Bengal Trinamool Congress Committee has appointed Jitendra Tiwari Bhaiya as their authorized representative in their letter to Cheif Electoral Officer for Paschim Bardhaman District. https://t.co/T9s6q2iij7,ParomitaMishra,"Asansol, India",Twitter for Android,2,474,339,0
2020-11-18 18:39:01,1329132017070592000,False,Lok Sabha Performance Will Not Help BJP Win Bengal Polls:¬†Trinamool https://t.co/XOfLOuEyTJ,ukaio007,"Kolkata, West Bengal, India",WordPress.com,0,639,1513,0
2020-11-18 18:29:00,1329129494809088000,True,"The ruling Trinamool Congress has decided to sound the poll bugle through the ‚ÄòSave Bengal from the BJP' rallies in West Midnapore, Purulia, Jhargram and Bankura.

https://t.co/G9pTPfI8Yx",CNNnews18,India,TweetDeck,20,4545049,415,1
2020-11-18 18:28:51,1329129458247188483,True,"The post has triggered speculation over Goswami's exit from the Trinamool Congress (TMC) ahead of the Bengal Assembly elections

#WestBengal #Bengal #Politics 
https://t.co/RF1YN6z20P",IndiaToday,India,Twitter Web App,14,5419931,245,4
2020-11-18 18:18:29,1329126847288754177,True,Lok Sabha Performance Will Not Help BJP Win Bengal Polls: Trinamool https://t.co/XN99Ty8rSU https://t.co/ocbLe2LHz3,ndtv,India,Twitter Web App,139,13992481,15,6
2020-11-18 18:07:03,1329123971053350922,True,Lok Sabha Performance Will Not Help BJP Win Bengal Polls: Trinamool https://t.co/6UNYVAlyzM https://t.co/rtMUoyIChV,ndtvfeed,,NDTVfeed,1,244855,23,2
2020-11-18 17:27:58,1329114137784250368,False,"What's there to survey?
In Bengal, people are safe from everyone, except Trinamool's itself. @AITCofficial https://t.co/ugFuYKgLRv",Indianjonsnow1,,Twitter Web App,0,36,95,0
2020-11-18 17:17:21,1329111464938881025,False,#BengalBloodyBattle trinamool thinks by heckling d WB governor killing bjp cadres can force bjp out of West Bengal!!,DSengupta11,,Twitter Web App,1,33,36,0
2020-11-18 16:27:33,1329098931393896448,True,"West Bengal Governor Jagdeep Dhankhar on Wednesday criticised the ruling Trinamool Congress for allegedly indulging in politics over security cover.
https://t.co/oKBxsTyPOt",Outlookindia,"New Delhi, India",Twitter Web App,3,227086,58,0
2020-11-18 15:26:51,1329083655273123845,False,".@BJP4Bengal leaders wants to transform Bengal into Gujarat.
Let's do a comparative study of the two states.

Today's press conference on behalf of @AITCofficial at Trinamool Bhavan.
Link- https://t.co/S19utptPSd https://t.co/saDFyhHWgr",IAmJha71025080,"West Bengal, India",Twitter for Android,16,972,406,5
2020-11-18 15:20:49,1329082137497145345,False,"Trinamool‚Äôs ‚Äòmurder politics‚Äô continues in West Bengal! In Coochbehar, BJP booth secretary Kalachand Karmokar was brutally beaten to death by TMC goons.

Pishi, you cannot expect people of Bengal to support your politics of blood and terror. Enough. Start counting your days! http https://t.co/JhrSyUsDpp",qtLzWC7W0ON92Ib,,Twitter for Android,0,1,27,0
2020-11-18 15:11:59,1329079915975622667,True,"The BJP, which had a limited presence in the state for decades, emerged as the key rival of the ruling Trinamool Congress after it won 18 out of the 42 Lok Sabha seats in Bengal in the 2019 general elections.

https://t.co/L2tGcRdC2O",IndianExpress,India,TweetDeck,79,3732176,316,4
2020-11-18 14:50:44,1329074568581922818,False,"Bengal always oppose the Sanghi Culture, the people of Bengal will never allow this culture, but waywardness and indiscipline of the local Trinamool is only help to progress BJP.  Even the CPM aerate BJP by  ""Didibhai Modi Bhai Ek Hai"". #1MillionMarkedSafeFromBJP",MLMrinalML,,Twitter Web App,0,48,217,0
2020-11-18 14:11:42,1329064743391268866,False,"Trinamool‚Äôs ‚Äòmurder politics‚Äô continues in West Bengal! In Coochbehar, BJP booth secretary Kalachand Karmokar was brutally beaten to death by TMC goons.

#FaltuMamatarPaltuPolice #MamataMuktBengal https://t.co/uCo8hsPSMI",sanatana_truth,,Twitter Web App,0,555,3249,0
2020-11-18 14:07:04,1329063576288432131,False,"Cong, Left To Hold Joint Events in Bengal Ahead Of Polls 
#WestBengal #BengalElections #CongLeftAlliance #Trinamool
https://t.co/HC52pPUbqF",LokMarg,,Twitter Web App,0,1491,549,1
2020-11-18 12:43:40,1329042589287235586,False,"Trinamool‚Äôs ‚Äòmurder politics‚Äô continues in West Bengal! In Coochbehar, BJP booth secretary Kalachand Karmokar was brutally beaten to death by TMC goons.

Pishi, you cannot expect people of Bengal to support your politics of blood and terror. Enough. Start counting your days! https://t.co/6ScayN2VxL",Aami_AnupamDas,"Raiganj (U/D), Kolkata",Twitter for Android,0,52,620,0
2020-11-18 12:00:56,1329031837235048448,False,"@BJP4Bengal leaders want to transform Bengal into Gujarat.Let's do a comparative study of the two states.
From today's press conference by @Sukhendusekhar &amp; Prof. Omprakash Mishra on behalf of @AITCofficial at Trinamool Bhavan. Link-https://t.co/5pTrRWgyHY
#MyLeaderMamataBanerjee https://t.co/ytzMK9IE7i",Rony15081947,,Twitter for Android,16,509,71,11
2020-11-18 11:56:46,1329030785731493889,False,"Trinamool‚Äôs ‚Äòmurder politics‚Äô continues in WB! In Coochbehar, BJP booth secretary Kalachand Karmokar was brutally beaten to death by TMC goons.
Pishi, you cannot expect people of Bengal to support your politics of blood and terror.Start counting your days! https://t.co/vbpFZv5vZY",rajeevicaktr,Delhi,Twitter for Android,0,3286,4904,0
2020-11-18 11:42:15,1329027133377658880,False,"A section of Trinamool Netas Mamata Banerjee's condition now like Dhritarasthra , compares Bhaipo to Duryodhana . https://t.co/ZAfAS3uyPM",Satyanewshi,"Hobart , üá¶üá∫",Twitter Web App,70,14204,260,20
2020-11-18 11:41:14,1329026876560478208,False,"Trinamool‚Äôs ‚Äòmurder politics‚Äô continues in West Bengal! In Coochbehar, BJP booth secretary Kalachand Karmokar was brutally beaten to death by TMC goons.

Pishi, you cannot expect people of Bengal to support your politics of blood and terror. Enough. Start counting your days! http",30Anjan,,Twitter for Android,2,25,47,2
2020-11-18 10:44:23,1329012572171816961,False,"Trinamool‚Äôs ‚Äòmurder politics‚Äô continues in West Bengal! In Coochbehar, BJP booth secretary Kalachand Karmokar was brutally beaten to death by TMC goons.

https://t.co/X85ywpBESx",samit_dash,,Twitter for Android,20,613,170,8
2020-11-18 10:33:55,1329009938144882688,False,"At the call of the Trinamool Congress, 1 million people of Bengal voluntarily protected themselves from the BJP. People understand that this BJP party is actually against the culture of Bengal; He wants to destroy the whole country and destroy Bengal!

#1MillionMarkedSafeFromBJP",haque9386,,Twitter Web App,0,133,313,0
2020-11-18 10:23:10,1329007230906114049,False,"Trinamool‚Äôs ‚Äòmurder politics‚Äô continues in West Bengal! In Coochbehar, BJP booth secretary Kalachand Karmokar was brutally beaten to death by TMC goons.

Pishi, you cannot expect people of Bengal to support your politics of blood and terror. Enough. Start counting your days!",KushdebBauri7,,Twitter for Android,0,5,23,0
2020-11-18 10:16:38,1329005587678470145,False,"Trinamool‚Äôs ‚Äòmurder politics‚Äô continues in West Bengal! In Coochbehar, BJP booth secretary Kalachand Karmokar was brutally beaten to death by TMC goons.

Pishi, you cannot expect people of Bengal to support your politics of blood and terror. Enough. Start counting your days ! https://t.co/fUgi561eff",NabenduBid,"West Bengal, India",Twitter for Android,0,28,262,1
2020-11-18 09:25:32,1328992728298909696,False,"Trinamool‚Äôs ‚Äòmurder politics‚Äô continues in West Bengal! In Coochbehar, BJP booth secretary Kalachand Karmokar was brutally beaten to death by TMC goons.

Pishi, you cannot expect people of Bengal to support your politics of blood and terror. Enough. Start counting your days ! https://t.co/34FZzWJyad",Santanurc1958,"Tollygunge, Kolkata, W.B",Twitter for Android,2,4773,4954,1
2020-11-18 09:21:09,1328991626799185922,False,"Shame on TMC.
Trinamool‚Äôs ‚ÄòmuœÄder politics‚Äô continues in West Bengal! In Coochbehar, BJP booth secretary Kalachand Karmokar was brutally beataœÄ to death by TMC G00ns. https://t.co/5eqSUzDwth",MahadevSarkarWB,"West Bengal, India",Twitter for Android,13,22,28,8
2020-11-18 09:12:26,1328989430825283584,False,Trinamool's political assassination's subsist in west bengal.  @BJP4CobLive tufanganj booth secretary Kalachand karmakar was inexorably murdered to death by TMC goons. People of Bengal will never accept your torment and murder politics. Get ready.@narendramodi @JPNadda @AmitShah https://t.co/1FHCZa83JP,rathindraOFC,"Siliguri, India",Twitter Web App,3,1109,638,5
2020-11-18 08:51:26,1328984146723495936,False,"Trinamool‚Äôs ‚Äòmurder politics‚Äô continues in West Bengal! In Coochbehar, BJP booth secretary Kalachand Karmokar was brutally beaten to death by TMC goons.
Pishi, you cannot expect people of Bengal to support your politics of blood and terror. Enough. Start counting your days! https://t.co/xUr9v8jVVr",SanjuSa36250289,,Twitter for Android,2,84,215,1
2020-11-18 08:44:13,1328982329855942657,False,"Trinamool‚Äôs ‚Äòmurder politics‚Äô continues in West Bengal! In Coochbehar, BJP booth secretary Kalachand Karmokar was brutally beaten to death by TMC goons.

Pishi, you cannot expect people of Bengal to support your politics of blood and terror. Enough.   https://t.co/4wvyM8Bx71",SouravDindaBJP,,Twitter for Android,0,731,2128,0
2020-11-18 08:31:18,1328979078175547403,False,"Trinamool‚Äôs ‚Äòmurder politics‚Äô continues in West Bengal! In Coochbehar, BJP booth secretary #KalachandKarmokar was brutally beaten to death by TMC goons.

Pishi, you cannot expect people of Bengal to support your politics of blood and terror. Enough. Start counting your days! https://t.co/7syIS8WnAK",binaniyash4,"Kolkata, India",Twitter for Android,35,2925,861,34
2020-11-18 08:16:51,1328975444134174721,False,"Trinamool‚Äôs ‚Äòmurder politics‚Äô continues in West Bengal! In Coochbehar, BJP booth secretary Kalachand Karmokar was brutally beaten to death by TMC goons.

Pishi, you cannot expect people of Bengal to support your politics of blood and terror. Enough. Start counting your days! https://t.co/Wn6EQqBvgo",BjpMal,"Mal, India",Twitter for Android,4,17,28,3
2020-11-18 08:14:45,1328974914754211841,True,"Trinamool‚Äôs ‚Äòmurder politics‚Äô continues in West Bengal! In Coochbehar, BJP booth secretary Kalachand Karmokar was brutally beaten to death by TMC goons.

Pishi, you cannot expect people of Bengal to support your politics of blood and terror. Enough. Start counting your days! https://t.co/fN2DLybI3J",BJP4Bengal,"Kolkata, West Bengal",TweetDeck,1518,205693,152,903
2020-11-18 08:03:15,1328972022571884545,False,"Steps taken by @MamataOfficial-led Trinamool government in the 9.5 years to develop the condition of the women and the girl children:

1. 48 women police stations has been founded. 8 of them belong to the Kolkata Police area while the rest belong to the Bengal Police area.",Rafiq54551257,,Twitter for Android,0,28,480,0
2020-11-18 07:19:27,1328960997609119744,False,"@RahulGandhi Congress-Left alliance is expected in the  Bengal  To strengthen the chemistry of this coalition and to give the people of Bengal an alternative to Trinamool and BJP, this chemistry  chemistry will play a major role in changing the pot in Bengal in the coming days. https://t.co/53wHsKwVQJ",ANSHUBAJPAI1,,Twitter Web App,7,233,21,2
2020-11-18 07:06:05,1328957632942628864,False,"CPM MLA Rafiqul Islam joined Trinamool , Congress MLA Qazi Abdur Rahman joined Trinamool . CPM Councillor Rinku Naskar joins BJP , Trinamool MLA Mihir Goswami leaning towards BJP . The incidents of last few weeks had set the trend for 2021 Bengal Elections .",Satyanewshi,"Hobart , üá¶üá∫",Twitter Web App,118,14204,260,20
2020-11-18 06:22:27,1328946654750404608,True,"Calcutta'a largest Urdu newspaper, Akhbar-e-Mashriq, this morning. Headline reads, ""No one can stop Owaisi from coming to Bengal: BJP"".

The paper's ownership is seen to be close to the Trinamool, with Nadimul Haque being a TMC MP.

Bengal is clearly gearing up for elections! https://t.co/lTpbGkSptx",ShoaibDaniyal,India,Twitter Web App,61,21516,1524,8
2020-11-18 04:29:55,1328918331571675136,False,"With the amount of efforts put on by TMC and BJP on Bengal elections, wish they shift Simla to Bengal for the presence of Congress ever picnicking firepower

https://t.co/osRF0W0iig",PoliticalInd1an,Pondicherry,Twitter Web App,0,336,558,0
2020-11-18 03:18:46,1328900427409080323,False,"The four districts are crucial for Bengal BJP in the wake of recent activities by rebel Trinamool leader Suvendu Adhikari, who is keeping all camps guessing about his future course.",Ash_Rokzz23,London,Twitter for Android,12,4260,1078,1
2020-11-18 02:30:47,1328888352641142784,False,"""Why Prashant Kishor"": Trouble In Trinamool As BJP Firms Up Poll Strategy - NDTV https://t.co/VJDXqen70E - STRIKE RATE OF BJP IN BIHAR WAS VERY GOOD. STRIKE RATE IN WEST BENGAL WILL BE SURELY MORE BETTER.",BhupatraiDoshi,,Twitter Web App,0,0,0,0
2020-11-18 00:42:45,1328861166240739328,False,"Rajneeti News (Statue Mix-Up During Amit Shahs Bengal Visit, ""Outsiders"", Says Trinamool - NDTV) 

Union Dwelling Minister Amit Shah is on a two-day go to to Bengal with a watch on 2021 state polls

Kolkata: 
An ... has been published on Rajneeti News - https://t.co/FBYmCRIOHC https://t.co/Prr2smbMkx",RajneetiNews,New Delhi,Rajneeti News,0,553,277,0
2020-11-17 18:52:39,1328773058824347648,False,"#Secular India*#Brand West Bengal*
The volcano of anger erupts in Nandigram against ruling Trinamool Congress &amp; BJP. TERROR again faces DEFEAT at Nandigram. 5-km long Road from Tengua to Nandigram witnessed a Mammoth United March of 10 CTUs in support of 26th Nov General Strike. https://t.co/YhELwi6IVq",SUNDARmyth,KOLKATA,Twitter Web App,2,12775,1597,1
2020-11-17 18:51:04,1328772661686595584,False,"Do we have to learn politics from PK? Who is PK? If Trinamool suffers in Bengal, it will all be PK's fault,"" Niamat Sheikh, Trinamool MLA. @PrashantKishor oh oh same is @arivalayam members are saying but in open stages soon we can hear that #IPAC losing its value",Sumanthraman1,10 JP New Delhi,Twitter for Android,6,721,0,0
2020-11-17 18:00:13,1328759863766183937,False,"What is Congress game plan for Bengal??

First option is tie up with Trinamool. If TMC does not bite  ..

Then tie up with Left and experiment by adding Owaisi to the coalition 

Anyways there nothing much to lose",TheBombayBombil,Navi Mumbai ,Twitter Web App,2,4594,1001,0
2020-11-17 16:03:22,1328730460201992193,False,@abpanandatv To sum up #BJP in #Bengal : leaders are from #TMC/#Trinamool and cadres are from #CPM/#Left. Lethal combinationüò≠üòÇ,PrakashChakra,"Purulion, JNU 'ite nw B,lorean",Twitter for Android,0,219,199,0
2020-11-17 12:06:44,1328670906432962560,False,"Steps taken by @MamataOfficial-led Trinamool government in the 9.5 years to develop the condition of the women and the girl children:

1. 48 women police stations has been founded. 8 of them belong to the Kolkata Police area while the rest belong to the Bengal Police area.",NilanjanDas_,"Serampore, Hooghly",Twitter for Android,56,1412,603,20
2020-11-17 09:11:49,1328626890123329538,True,"FB Live link to press conference from @aitcofficial Media Centre at Trinamool Bhawan by @DrShashiPanja and @MdNadimulHaque6

Subject: Women development in Bengal

https://t.co/mrHsiU4Eg9",derekobrienmp,"Kolkata, India",Twitter Web App,43,1228472,682,14
2020-11-17 06:28:15,1328585726980730880,False,"Badruddin Ajmal did try in Bengal. MIM might be dangerous for Trinamool in Bihari Muslim areas and parts of Dinajpur. Firhad Hakim should be worried. His ""Mini Pakistan "" might stop voting for him https://t.co/M8bNoagw2p",psychiatrycal,Kolkata ,Twitter for Android,1,1034,656,0
2020-11-17 04:50:53,1328561223567253504,False,"SOS call to MAMATA BANERJEE from if PK is allowed to work freely Trinamool will split 
https://t.co/fv9dflmtGH",Satyanewshi,"Hobart , üá¶üá∫",Twitter Web App,25,14204,260,8
2020-11-16 20:00:01,1328427624142491650,True,"Responding to it, Mallick, president of the North 24 Parganas district unit of the Trinamool Congress (TMC), said, his party will win all 33 seats in the district.

https://t.co/Lfn8w7EunC",EconomicTimes,,TweetDeck,10,3770316,43,1
2020-11-16 18:59:38,1328412427243851776,False,"#Secular India*#Brand West Bengal*
Since 2008,due to the terror of Trinamool Congress,CPIM's Party Office at Kalibari,Tufangaunj,was closed.Time has changed.Questions raised about the political future of TMC &amp; Mamata Banerjee.People r again discussing about Left Front not BJP. https://t.co/SfqUbCdc0D",SUNDARmyth,KOLKATA,Twitter Web App,16,12775,1597,4
2020-11-16 12:39:26,1328316748450263040,False,"TRINAMOOL MLA Niamat Sheikh DON""T Require PK in Murshidabad District . First signs of dissent against Bhaipo in the party
https://t.co/a9XbdDz1f0",Satyanewshi,"Hobart , üá¶üá∫",Twitter Web App,48,14204,260,12
2020-11-16 07:56:47,1328245615927513088,False,"New Video Will Owaisi‚Äôs AIMIM Be An X‚ÄâFactor In Bengal? Trinamool Says It Won‚Äôt Be Easy link is below:
https://t.co/XS5DDKYALP https://t.co/Bl4koaGJvq",secularmiyabha3,,Twitter for Android,13,1178,10,1
2020-11-16 03:43:33,1328181890503700481,True,West Bengal BJP chief Ghosh‚Äôs allegations get sharp retort from Trinamool https://t.co/lijFselKD8,AmanKayamHai_ET,"New Delhi, India",Twitter for iPhone,7,49619,1999,0
2020-11-15 11:50:11,1327941965644660737,False,"Will @aimim_national be an X‚Äâfactor in Bengal? @AITCofficial says it won‚Äôt be easy for @asadowaisi

Muslims are 27.01% in WB &amp; community plays a decisive role in 120 out of 294 assembly, according to surveys by election strategist @PrashantKishor‚Äôs I-Pac. https://t.co/YNTkgxINd3",IndiasMuslims,,Twitter for Android,29,68461,33775,6
